PeptideSequence,ProteinName,ReplicateName,ModifiedSequence,PrecursorMz,PrecursorCharge,ProductMz,ProductCharge,CleavageAa,FragmentIon,PeptideRetentionTime,RetentionTime,Area,Background,PeakRank,FileName,IsotopeLabelType,Height,TotalAreaRatio,AreaNormalized
EVDIGIPDATGR,Protein_A,2011aug06_CC026_B3_10fmol_SRM_list_A,EVDIGIPDATGR,621.819866,2,1014.52145,1,D,y10,37.43,37.44,328336,3496,3,2011aug06_CC026_B3_10fmol_SRM_list_A.raw,light,29344,1.4664,2.6807%
EVDIGIPDATGR,Protein_A,2011aug06_CC026_B3_10fmol_SRM_list_A,EVDIGIPDATGR,621.819866,2,786.410442,1,G,y8,37.43,37.43,1317551,14338,1,2011aug06_CC026_B3_10fmol_SRM_list_A.raw,light,138735,1.4664,10.7571%
EVDIGIPDATGR,Protein_A,2011aug06_CC026_B3_10fmol_SRM_list_A,EVDIGIPDATGR,621.819866,2,404.225208,1,A,y4,37.43,37.43,577761,26196,2,2011aug06_CC026_B3_10fmol_SRM_list_A.raw,light,66654,1.4664,4.7171%
EVDIGIPDATGR,Protein_A,2011aug06_CC026_B3_10fmol_SRM_list_A,EVDIGIPDATGR[+6],624.829931,2,1020.541579,1,D,y10,37.43,37.4,218022,2112,3,2011aug06_CC026_B3_10fmol_SRM_list_A.raw,heavy,20185,#N/A,1.8049%
EVDIGIPDATGR,Protein_A,2011aug06_CC026_B3_10fmol_SRM_list_A,EVDIGIPDATGR[+6],624.829931,2,792.430571,1,G,y8,37.43,37.43,889469,20326,1,2011aug06_CC026_B3_10fmol_SRM_list_A.raw,heavy,85889,#N/A,7.3636%
EVDIGIPDATGR,Protein_A,2011aug06_CC026_B3_10fmol_SRM_list_A,EVDIGIPDATGR[+6],624.829931,2,410.245337,1,A,y4,37.43,37.43,408951,14572,2,2011aug06_CC026_B3_10fmol_SRM_list_A.raw,heavy,42223,#N/A,3.3856%
TFTDCFNCLPIAAIIDEK,Protein_A,2011aug06_CC026_B3_10fmol_SRM_list_A,TFTDC[+57]FNC[+57]LPIAAIIDEK,1064.508108,2,969.561523,1,P,y9,58.14,58.12,106467,2456,1,2011aug06_CC026_B3_10fmol_SRM_list_A.raw,light,10922,0.9136,0.8693%
TFTDCFNCLPIAAIIDEK,Protein_A,2011aug06_CC026_B3_10fmol_SRM_list_A,TFTDC[+57]FNC[+57]LPIAAIIDEK,1064.508108,2,688.387582,1,A,y6,58.14,58.12,37812,3081,3,2011aug06_CC026_B3_10fmol_SRM_list_A.raw,light,3086,0.9136,0.3087%
TFTDCFNCLPIAAIIDEK,Protein_A,2011aug06_CC026_B3_10fmol_SRM_list_A,TFTDC[+57]FNC[+57]LPIAAIIDEK,1064.508108,2,504.266404,1,I,y4,58.14,58.1,85776,2166,2,2011aug06_CC026_B3_10fmol_SRM_list_A.raw,light,7006,0.9136,0.7003%
TFTDCFNCLPIAAIIDEK,Protein_A,2011aug06_CC026_B3_10fmol_SRM_list_A,TFTDC[+57]FNC[+57]LPIAAIIDEK[+6],1067.518172,2,975.581652,1,P,y9,58.14,58.16,113267,3384,1,2011aug06_CC026_B3_10fmol_SRM_list_A.raw,heavy,8017,#N/A,0.9377%
TFTDCFNCLPIAAIIDEK,Protein_A,2011aug06_CC026_B3_10fmol_SRM_list_A,TFTDC[+57]FNC[+57]LPIAAIIDEK[+6],1067.518172,2,694.407711,1,A,y6,58.14,58.12,51216,4029,3,2011aug06_CC026_B3_10fmol_SRM_list_A.raw,heavy,3942,#N/A,0.424%
TFTDCFNCLPIAAIIDEK,Protein_A,2011aug06_CC026_B3_10fmol_SRM_list_A,TFTDC[+57]FNC[+57]LPIAAIIDEK[+6],1067.518172,2,510.286533,1,I,y4,58.14,58.12,87319,2778,2,2011aug06_CC026_B3_10fmol_SRM_list_A.raw,heavy,7010,#N/A,0.7229%
FLYDGIR,Protein_A,2011aug06_CC026_B3_10fmol_SRM_list_A,FLYDGIR,442.237253,2,736.398815,1,L,y6,37.94,37.94,645524,34431,3,2011aug06_CC026_B3_10fmol_SRM_list_A.raw,light,59076,1.6701,5.2704%
FLYDGIR,Protein_A,2011aug06_CC026_B3_10fmol_SRM_list_A,FLYDGIR,442.237253,2,623.314751,1,Y,y5,37.94,37.94,5357665,123180,1,2011aug06_CC026_B3_10fmol_SRM_list_A.raw,light,460149,1.6701,43.7427%
FLYDGIR,Protein_A,2011aug06_CC026_B3_10fmol_SRM_list_A,FLYDGIR,442.237253,2,460.251423,1,D,y4,37.94,37.94,943204,58872,2,2011aug06_CC026_B3_10fmol_SRM_list_A.raw,light,79480,1.6701,7.7008%
FLYDGIR,Protein_A,2011aug06_CC026_B3_10fmol_SRM_list_A,FLYDGIR[+6],445.247317,2,742.418944,1,L,y6,37.94,37.94,412632,15592,3,2011aug06_CC026_B3_10fmol_SRM_list_A.raw,heavy,38733,#N/A,3.416%
FLYDGIR,Protein_A,2011aug06_CC026_B3_10fmol_SRM_list_A,FLYDGIR[+6],445.247317,2,629.33488,1,Y,y5,37.94,37.94,3201454,161677,1,2011aug06_CC026_B3_10fmol_SRM_list_A.raw,heavy,307042,#N/A,26.5038%
FLYDGIR,Protein_A,2011aug06_CC026_B3_10fmol_SRM_list_A,FLYDGIR[+6],445.247317,2,466.271552,1,D,y4,37.94,37.94,545277,23261,2,2011aug06_CC026_B3_10fmol_SRM_list_A.raw,heavy,52279,#N/A,4.5142%
FDTSAQSDR,Protein_B,2011aug06_CC026_B3_10fmol_SRM_list_A,FDTSAQSDR,513.727977,2,764.353322,1,T,y7,21.11,21.13,7346,2052,1,2011aug06_CC026_B3_10fmol_SRM_list_A.raw,light,1701,0.0079,0.06%
FDTSAQSDR,Protein_B,2011aug06_CC026_B3_10fmol_SRM_list_A,FDTSAQSDR,513.727977,2,663.305643,1,S,y6,21.11,21.25,3969,934,2,2011aug06_CC026_B3_10fmol_SRM_list_A.raw,light,592,0.0079,0.0324%
FDTSAQSDR,Protein_B,2011aug06_CC026_B3_10fmol_SRM_list_A,FDTSAQSDR,513.727977,2,576.273615,1,A,y5,21.11,21.1,3879,827,3,2011aug06_CC026_B3_10fmol_SRM_list_A.raw,light,813,0.0079,0.0317%
FDTSAQSDR,Protein_B,2011aug06_CC026_B3_10fmol_SRM_list_A,FDTSAQSDR[+6],516.738042,2,770.373451,1,T,y7,21.11,21.08,759474,15065,1,2011aug06_CC026_B3_10fmol_SRM_list_A.raw,heavy,145801,#N/A,6.2874%
FDTSAQSDR,Protein_B,2011aug06_CC026_B3_10fmol_SRM_list_A,FDTSAQSDR[+6],516.738042,2,669.325772,1,S,y6,21.11,21.08,590242,11960,2,2011aug06_CC026_B3_10fmol_SRM_list_A.raw,heavy,110372,#N/A,4.8864%
FDTSAQSDR,Protein_B,2011aug06_CC026_B3_10fmol_SRM_list_A,FDTSAQSDR[+6],516.738042,2,582.293744,1,A,y5,21.11,21.08,572458,10188,3,2011aug06_CC026_B3_10fmol_SRM_list_A.raw,heavy,106224,#N/A,4.7392%
IDESEVGEFIIPYYVQDEK,Protein_B,2011aug06_CC026_B3_10fmol_SRM_list_A,IDESEVGEFIIPYYVQDEK,1137.046632,2,1154.572816,1,I,y9,52.51,#N/A,#N/A,#N/A,#N/A,2011aug06_CC026_B3_10fmol_SRM_list_A.raw,light,#N/A,0.1855,#N/A
IDESEVGEFIIPYYVQDEK,Protein_B,2011aug06_CC026_B3_10fmol_SRM_list_A,IDESEVGEFIIPYYVQDEK,1137.046632,2,1041.488752,1,P,y8,52.51,52.54,5947,841,1,2011aug06_CC026_B3_10fmol_SRM_list_A.raw,light,878,0.1855,0.0486%
IDESEVGEFIIPYYVQDEK,Protein_B,2011aug06_CC026_B3_10fmol_SRM_list_A,IDESEVGEFIIPYYVQDEK,1137.046632,2,781.37266,1,Y,y6,52.51,52.54,1251,843,2,2011aug06_CC026_B3_10fmol_SRM_list_A.raw,light,312,0.1855,0.0102%
IDESEVGEFIIPYYVQDEK,Protein_B,2011aug06_CC026_B3_10fmol_SRM_list_A,IDESEVGEFIIPYYVQDEK[+6],1140.056696,2,1160.592945,1,I,y9,52.51,52.55,8981,1017,2,2011aug06_CC026_B3_10fmol_SRM_list_A.raw,heavy,1010,#N/A,0.0743%
IDESEVGEFIIPYYVQDEK,Protein_B,2011aug06_CC026_B3_10fmol_SRM_list_A,IDESEVGEFIIPYYVQDEK[+6],1140.056696,2,1047.508881,1,P,y8,52.51,52.48,33487,1108,1,2011aug06_CC026_B3_10fmol_SRM_list_A.raw,heavy,3211,#N/A,0.2772%
IDESEVGEFIIPYYVQDEK,Protein_B,2011aug06_CC026_B3_10fmol_SRM_list_A,IDESEVGEFIIPYYVQDEK[+6],1140.056696,2,787.392789,1,Y,y6,52.51,52.56,5325,1090,3,2011aug06_CC026_B3_10fmol_SRM_list_A.raw,heavy,617,#N/A,0.0441%
EAVSGILGK,Protein_B,2011aug06_CC026_B3_10fmol_SRM_list_A,EAVSGILGK,437.255642,2,673.424302,1,V,y7,32.41,32.41,376706,37134,3,2011aug06_CC026_B3_10fmol_SRM_list_A.raw,light,37690,0.6757,3.0756%
EAVSGILGK,Protein_B,2011aug06_CC026_B3_10fmol_SRM_list_A,EAVSGILGK,437.255642,2,574.355888,1,S,y6,32.41,32.41,1686720,85874,1,2011aug06_CC026_B3_10fmol_SRM_list_A.raw,light,173753,0.6757,13.7712%
EAVSGILGK,Protein_B,2011aug06_CC026_B3_10fmol_SRM_list_A,EAVSGILGK,437.255642,2,487.323859,1,G,y5,32.41,32.41,762233,101956,2,2011aug06_CC026_B3_10fmol_SRM_list_A.raw,light,76789,0.6757,6.2232%
EAVSGILGK,Protein_B,2011aug06_CC026_B3_10fmol_SRM_list_A,EAVSGILGK[+6],440.265707,2,679.444431,1,V,y7,32.41,32.41,539506,64202,3,2011aug06_CC026_B3_10fmol_SRM_list_A.raw,heavy,60855,#N/A,4.4664%
EAVSGILGK,Protein_B,2011aug06_CC026_B3_10fmol_SRM_list_A,EAVSGILGK[+6],440.265707,2,580.376017,1,S,y6,32.41,32.41,2504163,96184,1,2011aug06_CC026_B3_10fmol_SRM_list_A.raw,heavy,282576,#N/A,20.7311%
EAVSGILGK,Protein_B,2011aug06_CC026_B3_10fmol_SRM_list_A,EAVSGILGK[+6],440.265707,2,493.343988,1,G,y5,32.41,32.41,1137990,39063,2,2011aug06_CC026_B3_10fmol_SRM_list_A.raw,heavy,127579,#N/A,9.421%
